target_item,predicted_rating,true_rating,correct,history_length,last_item,confidence,top_1_rating,top_1_prob,top_2_rating,top_2_prob,top_3_rating,top_3_prob
2,3,4,False,1,1,0.3859347,3,0.3859347,5,0.33985162,4,0.27244285
3,3,5,False,2,2,0.45810425,3,0.45810425,2,0.4441439,4,0.06418174
4,3,3,True,3,3,0.6573376,3,0.6573376,4,0.20358087,5,0.12247701
11,3,4,False,1,10,0.47293526,3,0.47293526,4,0.44740778,5,0.0591079
12,3,3,True,2,11,0.5017435,3,0.5017435,2,0.3736545,4,0.09760744
13,3,4,False,3,12,0.6059763,3,0.6059763,4,0.27206537,2,0.09075205
21,4,5,False,1,20,0.48646635,4,0.48646635,3,0.38367718,2,0.12257792
22,3,3,True,2,21,0.674861,3,0.674861,4,0.16725318,5,0.11770135
23,3,4,False,3,22,0.593241,3,0.593241,4,0.29794917,2,0.075229116
